[{"id":"smartzoom","title":"SmartZoom","has_placeholder_image":false},{"id":"easyradiology","title":"Easyradiology","has_placeholder_image":false},{"id":"meditricks","title":"Meditricks Klinik","has_placeholder_image":true},{"id":"meditricks_neuroanatomy","title":"Meditricks Vorklinik","has_placeholder_image":true},{"id":"miamed_calculator","title":"calculator","has_placeholder_image":true},{"id":"miamed_web_content","title":"WebContent","has_placeholder_image":true},{"id":"miamed_auditor","title":"Auditor","has_placeholder_image":true},{"id":"miamed_patient_information","title":"Patienteninformationen","has_placeholder_image":true},{"id":"miamed_3d_model","title":"3D-Modell","has_placeholder_image":true},{"id":"video","title":"Video","has_placeholder_image":true}]